Tamanho da Lista;Tempo (s)
100;0.002105
200;0.003164
300;0.002206
400;0.002848
500;0.002887
600;0.004175
700;0.004519
800;0.004715
900;0.017439
1000;0.005857
