Tamanho da Lista;Tempo (s)
100;0.002464
200;0.004669
300;0.003026
400;0.002856
500;0.003783
600;0.003730
700;0.004911
800;0.004360
900;0.005312
1000;0.005338
