Tamanho da Lista;Tempo (s)
100;0.002548
200;0.002557
300;0.002436
400;0.010091
500;0.012943
600;0.004176
700;0.005220
800;0.004324
900;0.006626
1000;0.004640
