Tamanho da Lista;Tempo (s)
100;0.001924
200;0.002669
300;0.002042
400;0.002176
500;0.002007
600;0.002351
700;0.002660
800;0.002369
900;0.002137
1000;0.002163
