Tamanho da Lista;Tempo (s)
100;0.002239
200;0.004011
300;0.004881
400;0.002923
500;0.004507
600;0.003686
700;0.004038
800;0.003795
900;0.003783
1000;0.004357
