Tamanho da Lista;Tempo (s)
100;0.002670
200;0.002421
300;0.002094
400;0.002500
500;0.002896
600;0.003560
700;0.003566
800;0.004025
900;0.005176
1000;0.006209
