Tamanho da Lista;Tempo (s)
100;0.002392
200;0.004344
300;0.010877
400;0.003137
500;0.003118
600;0.003194
700;0.003998
800;0.004386
900;0.005144
1000;0.005821
